{"cameraMode":{"drawMode":0,"name":"Shaded","section":"Shading Mode"},"sceneLighting":false,"audioPlay":false,"sceneViewState":{"showFog":true,"showMaterialUpdate":false,"showSkybox":true,"showFlares":true,"showImageEffects":true,"showParticleSystems":true},"in2DMode":false,"pivot":{"x":0.15784353017807008,"y":1.432563066482544,"z":0.8251612186431885},"rotation":{"x":-0.07630205899477005,"y":-0.8419772386550903,"z":0.12364833056926727,"w":-0.5195801258087158},"size":1.5692520141601563,"orthographic":false}