{"cameraMode":{"drawMode":0,"name":"Shaded","section":"Shading Mode"},"sceneLighting":false,"audioPlay":false,"sceneViewState":{"showFog":true,"showMaterialUpdate":false,"showSkybox":true,"showFlares":true,"showImageEffects":true,"showParticleSystems":true},"in2DMode":false,"pivot":{"x":-1.0000004768371583,"y":1.000000238418579,"z":2.01432728767395},"rotation":{"x":-0.13874627649784089,"y":0.09255074709653855,"z":-0.013024073094129563,"w":-0.985907793045044},"size":0.369621217250824,"orthographic":false}