{"cameraMode":{"drawMode":0,"name":"Shaded","section":"Shading Mode"},"sceneLighting":false,"audioPlay":false,"sceneViewState":{"showFog":true,"showMaterialUpdate":false,"showSkybox":true,"showFlares":true,"showImageEffects":true,"showParticleSystems":true},"in2DMode":false,"pivot":{"x":96.13789367675781,"y":15.174224853515625,"z":-1144.2244873046875},"rotation":{"x":-0.09007216989994049,"y":-0.9026656746864319,"z":0.2312699556350708,"w":-0.35156214237213137},"size":165.01651000976563,"orthographic":false}