{"cameraMode":{"drawMode":0,"name":"Shaded","section":"Shading Mode"},"sceneLighting":false,"audioPlay":false,"sceneViewState":{"showFog":true,"showMaterialUpdate":false,"showSkybox":true,"showFlares":true,"showImageEffects":true,"showParticleSystems":true},"in2DMode":false,"pivot":{"x":163.33663940429688,"y":15.775684356689454,"z":-1395.6251220703125},"rotation":{"x":-0.22994069755077363,"y":-0.5303181409835815,"z":0.1521008312702179,"w":-0.8017202019691467},"size":146.7432098388672,"orthographic":false}