{"cameraMode":{"drawMode":0,"name":"Shaded","section":"Shading Mode"},"sceneLighting":false,"audioPlay":false,"sceneViewState":{"showFog":true,"showMaterialUpdate":false,"showSkybox":true,"showFlares":true,"showImageEffects":true,"showParticleSystems":true},"in2DMode":false,"pivot":{"x":0.013733386993408203,"y":252.742919921875,"z":-1030.0},"rotation":{"x":0.004738791845738888,"y":-0.9809799194335938,"z":0.1925443559885025,"w":0.024139372631907464},"size":332.4927978515625,"orthographic":false}