{"cameraMode":{"drawMode":0,"name":"Shaded","section":"Shading Mode"},"sceneLighting":false,"audioPlay":false,"sceneViewState":{"showFog":true,"showMaterialUpdate":false,"showSkybox":true,"showFlares":true,"showImageEffects":true,"showParticleSystems":true},"in2DMode":false,"pivot":{"x":-0.00025022029876708984,"y":80.00658416748047,"z":-1668.785888671875},"rotation":{"x":-0.2072477638721466,"y":-0.02142314985394478,"z":0.004540133289992809,"w":-0.9780433773994446},"size":22.853429794311525,"orthographic":false}