{"cameraMode":{"drawMode":0,"name":"Shaded","section":"Shading Mode"},"sceneLighting":true,"audioPlay":false,"sceneViewState":{"showFog":true,"showMaterialUpdate":false,"showSkybox":true,"showFlares":true,"showImageEffects":true,"showParticleSystems":true},"in2DMode":false,"pivot":{"x":12.315317153930664,"y":55.471778869628909,"z":1.5939826965332032},"rotation":{"x":-0.02515137568116188,"y":-0.6551842093467712,"z":0.02183324098587036,"w":-0.7547346353530884},"size":169.0648193359375,"orthographic":false}